Accession,type,r_stele,radius,CF,OneC,nX,X_size,aerenchyma,TCA,kr1,kr2,kr3,Kr1,Kr2,Kr3,Kx,Kr1_pred,kr1_pred,Kr2_pred,kr2_pred,Kr3_pred,kr3_pred,Kx_pred
Ames_19879,burton_mex,0.233304502,0.434096133,8.7,0.023079498,7.699048558,0.068048028,0.0155,0.421,0.000163903,6.10E-05,5.40E-05,0.000447048,0.000166376,0.000147282,1.682218357,0.000447955,0.000128574,0.000189694,5.44E-05,0.000170875,4.90E-05,17.68389916
Ames_19897,burton_mex,0.2990737,0.562211452,9.4,0.027993378,9.869432099,0.084996881,0.083,0.712,0.000152503,6.07E-05,5.40E-05,0.000538714,0.000214496,0.000190602,5.1404205,0.000524229,0.000150466,0.000208407,5.98E-05,0.00018573,5.33E-05,4.383758274
Ames_19907,burton_mex,0.234664889,0.48467793,9.3,0.026883123,7.74394135,0.082104311,0.0259,0.565,0.000145851,5.62E-05,5.03E-05,0.000444162,0.000171084,0.000153195,3.758951203,0.000504752,0.000144876,0.000200714,5.76E-05,0.0001797,5.16E-05,3.698699053
Ames_19924,burton_mex,0.339452764,0.610264342,10.2,0.026550155,11.2019412,0.089198476,0.061,0.808,0.000153807,6.14E-05,5.45E-05,0.000589759,0.00023531,0.000208814,7.580071515,0.000521033,0.000149549,0.000207938,5.97E-05,0.000185216,5.32E-05,5.173381602
Ames_19926,burton_mex,0.370393792,0.678905527,11.8,0.026145062,12.22299513,0.095197571,0.0994,1.017,0.000139235,5.75E-05,5.13E-05,0.000593933,0.000245092,0.000219027,11.70935941,0.000515557,0.000147977,0.000206937,5.94E-05,0.000184348,5.29E-05,6.701791624
Ames_19946,burton_mex,0.340389187,0.648940659,11.6,0.026599265,11.23284317,0.099304708,0.058,0.96,0.000134738,5.53E-05,4.96E-05,0.000549384,0.000225427,0.000202302,12.61718183,0.000512974,0.000147236,0.000204227,5.86E-05,0.000182401,5.24E-05,7.972955712
Ames_19962,burton_mex,0.257310039,0.509959976,9.9,0.025520196,8.491231297,0.083051722,0.0822,0.61,0.000143029,5.61E-05,5.01E-05,0.00045829,0.0001796,0.000160579,4.146737155,0.000499422,0.000143346,0.000199812,5.74E-05,0.000178821,5.13E-05,2.736325208
Ames_19970,burton_mex,0.30643338,0.58223709,11.2,0.024625331,10.11230154,0.091159518,0.0104,0.77,0.000149398,5.85E-05,5.21E-05,0.000546542,0.00021393,0.000190612,8.28924152,0.000526511,0.000151122,0.0002088,5.99E-05,0.000186077,5.34E-05,6.689449481
Ames_19981,burton_mex,0.296937432,0.575915707,9.8,0.028467171,9.798935253,0.093304592,0.0593,0.764,0.00013899,5.62E-05,5.04E-05,0.000502948,0.000203306,0.000182384,8.270703252,0.000512575,0.000147121,0.000204166,5.86E-05,0.00018238,5.23E-05,5.928111798
PI_438943,burton_mex,0.267023247,0.496358592,9.2,0.024927755,8.811767155,0.096164226,0.0438,0.55,0.000162511,6.22E-05,5.50E-05,0.000506825,0.000193841,0.000171425,9.45819191,0.000515473,0.000147953,0.00020466,5.87E-05,0.000182787,5.25E-05,8.459047635
PI_474205,burton_mex,0.329459665,0.61649169,11.2,0.025627859,10.87216896,0.097994994,0.0428,0.854,0.000147238,5.87E-05,5.23E-05,0.000570332,0.000227542,0.00020277,12.16966879,0.000513213,0.000147304,0.000204245,5.86E-05,0.000182414,5.24E-05,3.137717132
PI_476869,burton_mex,0.309533965,0.567844974,9,0.028701223,10.21462086,0.090701799,0.1325,0.712,0.000148183,6.00E-05,5.34E-05,0.000528697,0.000214003,0.000190416,7.195194224,0.000511667,0.000146861,0.000204103,5.86E-05,0.000182239,5.23E-05,2.094198768
PI_479123,burton_mex,0.286016854,0.555948648,10.5,0.02570779,9.438556181,0.081301829,0.1594,0.714,0.00014401,5.75E-05,5.13E-05,0.000503045,0.000200902,0.000179026,4.333913889,0.000512023,0.000146963,0.000204127,5.86E-05,0.000182239,5.23E-05,6.302385616
PI_483312,burton_mex,0.208062838,0.455563438,9.3,0.026612968,6.866073651,0.082832676,0.0263,0.515,0.000140376,5.37E-05,4.83E-05,0.000401811,0.000153704,0.000138243,3.482139081,0.000523378,0.000150222,0.000208325,5.98E-05,0.000185564,5.33E-05,8.186938918
PI_483878,burton_mex,0.303825389,0.600802306,9.8,0.030303767,10.02623784,0.088732333,0.1315,0.843,0.000129316,5.39E-05,4.86E-05,0.000488163,0.000203632,0.000183496,6.11214644,0.000506649,0.000145421,0.000203275,5.83E-05,0.000181592,5.21E-05,4.87225136
PI_483911,burton_mex,0.304871263,0.592801918,11,0.026175514,10.06075167,0.088580003,0.0858,0.812,0.00013992,5.64E-05,5.05E-05,0.000521159,0.000210196,0.000188088,6.699308966,0.000494787,0.000142016,0.000201285,5.78E-05,0.000179742,5.16E-05,7.996922916
PI_503560,burton_mex,0.279259596,0.527449372,9.1,0.027273602,9.215566677,0.075263769,0.0259,0.629,0.000154243,6.04E-05,5.37E-05,0.000511169,0.000200169,0.000178012,2.745039919,0.000511667,0.000146861,0.000204103,5.86E-05,0.000182239,5.23E-05,2.094198768
PI_503574,burton_mex,0.3033011,0.573423153,10.1,0.026744758,10.00893629,0.093006982,0.0586,0.744,0.00014792,5.88E-05,5.24E-05,0.000532945,0.000211711,0.000188736,8.391578928,0.000512023,0.000146963,0.000204127,5.86E-05,0.000182239,5.23E-05,6.302385616
PI_515463,burton_mex,0.383897743,0.690066366,12.5,0.02449349,12.66862553,0.099748852,0.0137,1.033,0.000152456,6.09E-05,5.41E-05,0.00066102,0.000264175,0.000234494,16.15535619,0.000523378,0.000150222,0.000208325,5.98E-05,0.000185564,5.33E-05,8.186938918
PI_583894,burton_mex,0.25669076,0.502097032,8.6,0.028535613,8.470795091,0.078502755,0.1131,0.585,0.00013996,5.60E-05,5.02E-05,0.000441542,0.000176798,0.000158414,2.928942653,0.000506649,0.000145421,0.000203275,5.83E-05,0.000181592,5.21E-05,4.87225136
PI_586644,burton_mex,0.310560615,0.594945874,9.3,0.03057906,10.24850029,0.095232751,0.1617,0.809,0.000137663,5.70E-05,5.11E-05,0.000514604,0.000213184,0.000190986,8.600041436,0.000494787,0.000142016,0.000201285,5.78E-05,0.000179742,5.16E-05,7.996922916
PI_620780,burton_mex,0.287127603,0.552214515,8.8,0.030123513,9.475210906,0.086747033,0.1149,0.699,0.000139026,5.67E-05,5.08E-05,0.000482373,0.000196585,0.00017623,4.893661221,0.000508974,0.000146088,0.000203578,5.84E-05,0.000181778,5.22E-05,4.245200599
PI_620796,burton_mex,0.281530037,0.526543361,10.3,0.023787701,9.290491217,0.098642687,0.022,0.623,0.00015928,6.10E-05,5.41E-05,0.000526957,0.000201864,0.000178843,10.77174895,0.000528977,0.000151829,0.000209032,6.00E-05,0.000186254,5.35E-05,6.032728798
PI_620801,burton_mex,0.316147599,0.589841255,11.2,0.024436934,10.43287076,0.084133149,0.0155,0.779,0.00015177,5.95E-05,5.29E-05,0.000562473,0.000220342,0.000196001,5.590262895,0.000526349,0.000151075,0.000208662,5.99E-05,0.000185992,5.34E-05,3.225772657
PI_620804,burton_mex,0.302775903,0.541445662,9.9,0.024108057,9.991604787,0.091011048,0.0074,0.633,0.000163204,6.28E-05,5.55E-05,0.000555222,0.000213495,0.000188697,8.242719032,0.000529455,0.000151967,0.000209153,6.00E-05,0.000186361,5.35E-05,6.483939236
PI_620829,burton_mex,0.408794191,0.791073471,13.3,0.028742803,13.49020829,0.1050845,0.0539,1.441,0.000125511,5.39E-05,4.86E-05,0.000623849,0.000267917,0.000241603,18.80620213,0.000506329,0.000145329,0.0002031,5.83E-05,0.0001814,5.21E-05,5.290517222
PI_620839,burton_mex,0.244626774,0.470346012,9.4,0.024012685,8.072683545,0.085177524,0.0406,0.506,0.000160189,6.04E-05,5.36E-05,0.000473403,0.000178528,0.000158306,4.886538971,0.000512947,0.000147228,0.00020437,5.87E-05,0.000182574,5.24E-05,4.157159038
PI_620843,burton_mex,0.290981837,0.557378192,11,0.02421785,9.602400636,0.080605224,0.067,0.709,0.000146563,5.75E-05,5.13E-05,0.000513279,0.00020128,0.000179516,4.623102433,0.000510793,0.00014661,0.000204135,5.86E-05,0.000182313,5.23E-05,4.692748572
PI_620849,burton_mex,0.344109398,0.602125369,10.7,0.024113642,11.35561013,0.105357976,0.0824,0.767,0.000155647,6.15E-05,5.45E-05,0.000588852,0.000232675,0.000206,18.55049115,0.000531935,0.000152678,0.00021149,6.07E-05,0.000188055,5.40E-05,9.401296353
PI_620857,burton_mex,0.278117425,0.535831613,10.2,0.025266097,9.17787504,0.087350488,0.0745,0.659,0.000148746,5.83E-05,5.19E-05,0.000500787,0.00019614,0.000174737,5.76896029,0.000510112,0.000146415,0.000203694,5.85E-05,0.000181955,5.22E-05,5.144042624
PI_620858,burton_mex,0.296937432,0.552502652,10.8,0.023663446,9.798935253,0.094686957,0.0209,0.682,0.000153995,5.98E-05,5.31E-05,0.000534591,0.000207506,0.000184329,10.28443314,0.000513475,0.00014738,0.000204401,5.87E-05,0.000182519,5.24E-05,5.577206352
PI_628446,burton_mex,0.274082347,0.535237235,9.9,0.026379282,9.044717463,0.092666439,0.0116,0.664,0.00014585,5.73E-05,5.12E-05,0.000490494,0.000192575,0.000172229,7.76385421,0.000515669,0.000148009,0.000204772,5.88E-05,0.000182895,5.25E-05,5.387640828
PI_628460,burton_mex,0.246570858,0.498917158,9.8,0.025749622,8.13683833,0.082027872,0.0298,0.591,0.000142634,5.54E-05,4.97E-05,0.000447128,0.000173705,0.000155703,3.881087822,0.000504615,0.000144837,0.000200579,5.76E-05,0.000179604,5.16E-05,2.764809982
PI_628480,burton_mex,0.376784035,0.708277051,10.8,0.030693798,12.43387316,0.096000412,0.1151,1.131,0.000128478,5.51E-05,4.96E-05,0.000571758,0.000245263,0.000220809,10.83731361,0.000504207,0.00014472,0.000204932,5.88E-05,0.000182616,5.24E-05,8.772872035
PI_629130,burton_mex,0.298541066,0.552790639,9.8,0.025943834,9.85185518,0.094432306,0.0332,0.68,0.000151159,5.93E-05,5.28E-05,0.000525018,0.000205929,0.000183348,9.47726552,0.000524897,0.000150658,0.000208511,5.98E-05,0.000185811,5.33E-05,6.010749229
PI_629147,burton_mex,0.305392856,0.556520906,9.2,0.027296527,10.07796426,0.093366956,0.0857,0.68,0.000156251,6.18E-05,5.48E-05,0.000546366,0.000216227,0.00019162,8.34767795,0.000520828,0.00014949,0.000209796,6.02E-05,0.000186531,5.35E-05,5.202308257
PI_629157,burton_mex,0.262211623,0.530458235,10,0.026824661,8.65298357,0.087472954,0.1088,0.668,0.000139018,5.55E-05,4.97E-05,0.000463341,0.000184874,0.0001657,5.701770855,0.000501788,0.000144025,0.000200395,5.75E-05,0.000179325,5.15E-05,2.70024503
PI_629191,burton_mex,0.271749689,0.506515319,9,0.02608507,8.967739744,0.079931841,0.0965,0.574,0.000154359,6.03E-05,5.35E-05,0.000491251,0.000191871,0.000170344,3.641046847,0.000513872,0.000147494,0.000206575,5.93E-05,0.000184107,5.28E-05,4.431069806
PI_629202,burton_mex,0.366940161,0.65431399,12.7,0.022627861,12.10902532,0.101511093,0.1074,0.921,0.000149323,5.99E-05,5.31E-05,0.000613892,0.000246163,0.000218299,17.14389876,0.00052234,0.000149924,0.000209939,6.03E-05,0.000186722,5.36E-05,9.440572923
PI_629245,burton_mex,0.309533965,0.549903984,10,0.024037002,10.21462086,0.090701799,0.0475,0.65,0.000161794,6.25E-05,5.52E-05,0.000559024,0.000215952,0.000190785,8.086931685,0.000526046,0.000150988,0.000208558,5.99E-05,0.000185848,5.33E-05,3.256476822
PI_629246,burton_mex,0.289885857,0.525635788,9.3,0.025349455,9.566233273,0.093725236,0.0231,0.604,0.000164464,6.31E-05,5.58E-05,0.00054317,0.000208368,0.000184189,9.201726905,0.000521695,0.000149739,0.00020804,5.97E-05,0.000185335,5.32E-05,6.287145085
PI_629255,burton_mex,0.310560615,0.601331881,10,0.029077127,10.24850029,0.097807073,0.0345,0.833,0.000138521,5.61E-05,5.04E-05,0.000523373,0.000212115,0.000190483,10.06272149,0.00051115,0.000146713,0.000204094,5.86E-05,0.000182253,5.23E-05,6.909567546
PI_629262,burton_mex,0.292073706,0.534344428,9.1,0.026623156,9.638432284,0.083673858,0.0233,0.629,0.000159173,6.18E-05,5.48E-05,0.000534404,0.000207396,0.000183978,5.181368331,0.000537012,0.000154135,0.000212628,6.10E-05,0.000189086,5.43E-05,3.944677927
PI_629263,burton_mex,0.252943249,0.444959267,7.7,0.024937145,8.347127211,0.079082151,0.0272,0.421,0.000171289,6.41E-05,5.65E-05,0.000478882,0.000179301,0.000157965,3.379635407,0.000536943,0.000154116,0.000212188,6.09E-05,0.000188719,5.42E-05,3.069024984
CONICO,MAGIC,0.316620525,0.62138647,10.08243186,0.030227424,9.920716519,0.07513779,0.055747584,0.898095224,0.000134485,5.55E-05,4.99E-05,0.00052507,0.000216536,0.000194769,2.545024129,0.000509495,0.000146237,0.000203668,5.85E-05,0.000181867,5.22E-05,4.639890289
GORDO,MAGIC,0.465481905,0.859417738,11.97985819,0.03288318,11.73968087,0.114379336,0.055402954,1.639677141,0.000122303,5.46E-05,4.93E-05,0.000660422,0.000294697,0.000266396,23.33095564,0.000511413,0.000146788,0.000204062,5.86E-05,0.000182221,5.23E-05,1.951510753
JALA,MAGIC,0.477767823,0.894420504,12.439729,0.03349371,11.4134055,0.112970162,0.063827146,1.796130028,0.000120475,5.43E-05,4.91E-05,0.000677046,0.000304979,0.000275894,19.72554175,0.000525549,0.000150845,0.000208454,5.98E-05,0.000185728,5.33E-05,5.261311191
NALTEL,MAGIC,0.510700406,0.93915315,12.67534835,0.033802049,13.40379719,0.115453419,0.08653428,1.951537672,0.000112925,5.23E-05,4.75E-05,0.000666358,0.00030871,0.000280306,25.17848745,0.000507766,0.000145741,0.000205644,5.90E-05,0.000183273,5.26E-05,7.204212978
PALOME,MAGIC,0.398954685,0.75082691,11.1045935,0.031687087,11.62670478,0.09077815,0.030529397,1.271013643,0.000130992,5.62E-05,5.06E-05,0.000617966,0.000264976,0.0002386,7.788317649,0.00051444,0.000147657,0.000204369,5.87E-05,0.000182607,5.24E-05,4.854312168
REVENT,MAGIC,0.455336649,0.8270477,11.5214468,0.032262532,13.18281721,0.10165388,0.032836823,1.497523185,0.000124667,5.50E-05,4.97E-05,0.000647829,0.000285832,0.000258111,14.75641156,0.000514534,0.000147684,0.000204648,5.87E-05,0.000182732,5.24E-05,7.90452872
TABLON,MAGIC,0.436892791,0.817158705,11.69893754,0.032504312,11.33038684,0.106731221,0.058327056,1.498140835,0.000121636,5.40E-05,4.89E-05,0.000624522,0.000277393,0.000250893,15.49078642,0.000516567,0.000148267,0.000204987,5.88E-05,0.000183069,5.25E-05,5.11789051
ZAPCHI,MAGIC,0.477726356,0.873869623,12.02491942,0.032943528,12.333088,0.114885996,0.049451924,1.682089278,0.000123563,5.52E-05,4.99E-05,0.000678443,0.000303222,0.00027381,24.00826796,0.000515517,0.000147966,0.000204646,5.87E-05,0.000182755,5.25E-05,5.534895641
Ames_16950,,0.302775903,0.545545363,8.8,0.027587439,9.991604787,0.081402756,0.1571,0.647,0.000150087,6.02E-05,5.34E-05,0.000514461,0.000206219,0.000183124,4.30183123,,,,,,,
Ames_1903,,0.281530037,0.509335407,9.4,0.024234614,9.290491217,0.089921124,0.0212,0.566,0.000169825,6.44E-05,5.67E-05,0.000543481,0.000206013,0.000181449,7.086137027,,,,,,,
Ames_19097,,0.294245287,0.569803549,10.2,0.027015516,9.710094478,0.095119132,0.0311,0.747,0.000146155,5.80E-05,5.18E-05,0.000523263,0.00020766,0.000185532,9.436499572,,,,,,,
Ames_19467,,0.267618617,0.524423247,10.6,0.024226852,8.831414375,0.08741337,0.017,0.639,0.000144138,5.60E-05,5.01E-05,0.00047494,0.000184504,0.000165128,6.112515243,,,,,,,
Ames_19532,,0.229174892,0.437019372,9,0.023093831,7.562771443,0.086067841,0.0016,0.435,0.000164023,6.10E-05,5.40E-05,0.000450385,0.000167577,0.000148367,5.351169794,,,,,,,
Ames_19540,,0.20729649,0.426700428,8.9,0.024652128,6.84078416,0.063990198,0.0125,0.437,0.000148315,5.57E-05,4.98E-05,0.000397637,0.000149324,0.000133631,0.977722815,,,,,,,
Ames_19617,,0.304871263,0.601067152,10.7,0.027681859,10.06075167,0.084184834,0.0641,0.844,0.000132986,5.43E-05,4.88E-05,0.000502238,0.000204901,0.000184417,4.998279739,,,,,,,
Ames_19688,,0.244626774,0.463529042,9,0.024322474,8.072683545,0.079428451,0.0459,0.487,0.00015919,6.03E-05,5.35E-05,0.000463632,0.000175649,0.000155778,3.419265016,,,,,,,
Ames_19802,,0.243975303,0.46387227,8.6,0.025569415,8.051185015,0.081498535,0.0181,0.489,0.000154658,5.90E-05,5.26E-05,0.000450766,0.000172081,0.000153167,3.800190261,,,,,,,
AMES19907_obs,,0.234664889,0.4846779,8.826359312,0.028325723,7,0.082516971,0.026548677,0.564999908,0.000138963,5.44E-05,4.89E-05,0.000423188,0.000165685,0.000149048,3.165662509,,,,,,,
AMES19907_pred,,0.293400879,0.5545,9.087440517,0.028731866,8.933722,0.086898467,0.035356919,0.695505179,0.000148413,5.89E-05,5.26E-05,0.000517076,0.000205064,0.000183132,5.126375261,,,,,,,
cluster_1,,0.294431983,0.5545,9.06331325,0.028694585,9.954524552,0.091275043,0.108090215,0.693601006,0.000147045,5.92E-05,5.28E-05,0.000512309,0.000206332,0.000183946,7.466667554,,,,,,,
cluster_2,,0.292536633,0.5545,9.107639312,0.028763037,9.80308419,0.082572886,0.048066064,0.697096063,0.000147684,5.87E-05,5.24E-05,0.000514535,0.000204535,0.000182625,4.548933173,,,,,,,
cluster_3,,0.290826305,0.5545,9.147548046,0.028824521,10.19080487,0.088547349,0.050501391,0.700230561,0.000147608,5.87E-05,5.24E-05,0.000514271,0.000204556,0.000182661,6.145295373,,,,,,,
cluster_4,,0.299002399,0.5545,8.955987632,0.028528132,10.44534349,0.087392724,0.042713741,0.685080248,0.000151015,5.99E-05,5.34E-05,0.00052614,0.000208739,0.000186024,5.840588372,,,,,,,
cluster_5,,0.29309993,0.5545,9.094476663,0.028742728,7.81968,0.08488948,0.050865982,0.696059692,0.000147704,5.87E-05,5.25E-05,0.000514605,0.000204617,0.000182743,4.141296843,,,,,,,
cluster_6,,0.304336903,0.5545,8.82991894,0.028331302,9.769734398,0.082634639,0.04545014,0.674968981,0.00015337,6.09E-05,5.41E-05,0.000534345,0.000212085,0.000188603,4.582215653,,,,,,,
cluster_7,,0.302541835,0.5545,8.872438808,0.028397848,10.02844364,0.089218069,0.12514418,0.678391396,0.000146962,5.92E-05,5.27E-05,0.000512018,0.000206139,0.000183665,6.742199777,,,,,,,
NSL_106891,,0.337100325,0.64525137,11,0.028013731,11.12431074,0.099212805,0.1625,0.952,0.000131679,5.51E-05,4.94E-05,0.000533857,0.000223282,0.000200429,12.249535,0.00051444,0.000147657,0.000204369,5.87E-05,0.000182607,5.24E-05,4.854312168
NSL_6544,,0.247215489,0.502097032,10,0.025488154,8.158111147,0.07495688,0.1257,0.599,0.000139202,5.48E-05,4.91E-05,0.000439151,0.000172916,0.000154933,2.416289559,,,,,,,
NSL_6547,,0.210345131,0.446031029,7.5,0.031424786,6.941389326,0.080124601,0.195,0.486,0.00012825,5.21E-05,4.70E-05,0.00035942,0.000145909,0.000131691,2.423434158,,,,,,,
NSL_6549,,0.280397115,0.531956285,9.5,0.026479913,9.253104782,0.0901026,0.0115,0.642,0.000122372,4.99E-05,4.52E-05,0.000409013,0.000166697,0.000151154,3.998267438,,,,,,,
PI_213706,,0.307987575,0.552790639,9.2,0.026609029,10.16358996,0.090929219,0.0485,0.662,0.000159994,6.24E-05,5.53E-05,0.000555705,0.000216805,0.000191932,7.481873937,,,,,,,
PI_217404,,0.305913561,0.557948984,8,0.031504428,10.0951475,0.084041295,0.0073,0.684,0.000153282,6.10E-05,5.44E-05,0.000537361,0.000213832,0.000190771,4.389775918,,,,,,,
PI_218180,,0.325082885,0.64475787,11.4,0.028041665,10.72773521,0.094347776,0.05,0.974,0.000136478,5.59E-05,5.02E-05,0.000552892,0.000226607,0.00020346,9.468148532,,,,,,,
PI_218186,,0.297472937,0.54671106,9.3,0.026799798,9.816606927,0.088948633,0.0283,0.661,0.000158119,6.16E-05,5.46E-05,0.000543153,0.000211544,0.000187653,6.877917794,,,,,,,
PI_221881,,0.339921298,0.649920933,11.1,0.027927895,11.21740283,0.097644671,0.131,0.963,0.000135236,5.62E-05,5.04E-05,0.000552244,0.000229586,0.000205747,11.33801865,,,,,,,
PI_221888,,0.38056668,0.6879875,11.4,0.026966739,12.55870045,0.100184447,0.0971,1.032,0.000146055,6.00E-05,5.34E-05,0.000631362,0.000259366,0.000230746,15.6894723,,,,,,,
PI_222609,,0.206527298,0.420690262,8,0.026770371,6.815400828,0.073605176,0.0116,0.422,0.000152507,5.75E-05,5.14E-05,0.000403119,0.00015206,0.000135835,1.908659374,,,,,,,
PI_234767,,0.300136132,0.615975149,11,0.028712638,9.904492359,0.092806063,0.1722,0.909,0.000123982,5.21E-05,4.71E-05,0.000479844,0.000201689,0.000182098,8.071661597,,,,,,,
PI_235282,,0.267618617,0.53997394,10.2,0.026701502,8.831414375,0.08741337,0.0173,0.691,0.000143167,5.61E-05,5.03E-05,0.000485731,0.000190267,0.000170536,5.690961591,,,,,,,
PI_240318,,0.259772392,0.463529042,8.2,0.024848372,8.57248895,0.092010845,0.0729,0.462,0.000171557,6.48E-05,5.70E-05,0.00049965,0.000188793,0.000166,7.80069702,,,,,,,
PI_275835,,0.316650618,0.605288922,10.2,0.028297873,10.44947041,0.091025354,0.149,0.836,0.000139265,5.74E-05,5.13E-05,0.000529645,0.000218142,0.000195041,7.46610735,,,,,,,
PI_311229,,0.385965059,0.685205868,9.5,0.031499033,12.73684695,0.112674582,0.1062,1.007,0.000136178,5.80E-05,5.19E-05,0.000586282,0.000249523,0.000223565,24.86147329,,,,,,,
PI_360877,,0.339921298,0.693746746,12.1,0.029241773,11.21740283,0.089771416,0.0462,1.15,0.000124612,5.26E-05,4.76E-05,0.000543178,0.000229389,0.000207397,7.365033263,,,,,,,
PI_390842,,0.31715284,0.663012785,11.3,0.030607075,10.46604373,0.094237817,0.0086,1.065,0.000125706,5.25E-05,4.75E-05,0.000523671,0.000218748,0.000198049,8.190387015,,,,,,,
PI_401754,,0.274082347,0.470346012,7.8,0.025162008,9.044717463,0.087187543,0.1304,0.458,0.000170813,6.54E-05,5.74E-05,0.000504798,0.000193272,0.000169631,5.823971627,,,,,,,
PI_401755,,0.238031846,0.457306894,9.3,0.023577962,7.85505092,0.08634943,0.0253,0.479,0.000161963,6.08E-05,5.38E-05,0.000465374,0.000174623,0.000154597,5.234513835,,,,,,,
PI_401757,,0.278117425,0.552214515,9.8,0.027969091,9.17787504,0.083285422,0.1051,0.715,0.000136631,5.51E-05,4.95E-05,0.000474062,0.000191335,0.000171705,4.295019357,,,,,,,
PI_443781,,0.291528283,0.52624101,8.7,0.026978474,9.620433329,0.088365705,0.1313,0.602,0.000152979,6.07E-05,5.39E-05,0.000505821,0.000200718,0.000178057,6.671681412,,,,,,,
PI_443963,,0.233304502,0.428932529,7.9,0.024763041,7.699048558,0.076080008,0.0162,0.407,0.000169204,6.31E-05,5.57E-05,0.000456015,0.000170085,0.000150111,2.767386503,,,,,,,
PI_444005,,0.373389515,0.652365172,10.1,0.027621352,12.32185401,0.098029887,0.128,0.899,0.00015074,6.18E-05,5.48E-05,0.000617873,0.000253275,0.000224559,13.08878425,,,,,,,
PI_444095,,0.285459859,0.539679114,8.3,0.030628826,9.420175333,0.078850506,0.1019,0.659,0.000150749,6.05E-05,5.38E-05,0.000511177,0.00020507,0.000182576,2.851865998,,,,,,,
PI_444125,,0.244626774,0.50714336,9.7,0.027063566,8.072683545,0.077417277,0.1026,0.62,0.000133605,5.33E-05,4.79E-05,0.000425728,0.000169719,0.000152728,2.8106778,,,,,,,
PI_444165,,0.279259596,0.563907418,10.4,0.027369983,9.215566677,0.078849745,0.1188,0.754,0.000137133,5.52E-05,4.95E-05,0.000485879,0.000195597,0.00017543,3.39195861,,,,,,,
PI_444173,,0.279828933,0.541151638,9.4,0.027800288,9.234354804,0.078769491,0.0815,0.674,0.000148713,5.88E-05,5.24E-05,0.000505647,0.000199875,0.000178192,3.347250227,,,,,,,
PI_444266,,0.325082885,0.625207598,10.6,0.028313652,10.72773521,0.085782141,0.1062,0.897,0.000131584,5.46E-05,4.91E-05,0.000516899,0.000214568,0.000192977,5.963204804,,,,,,,
PI_444408,,0.257927831,0.51985103,10.2,0.025678745,8.511618436,0.071316241,0.0195,0.64,0.00014562,5.65E-05,5.06E-05,0.000475642,0.00018469,0.000165222,2.207915191,,,,,,,
PI_444498,,0.341789011,0.669224932,10.6,0.030890181,11.27903737,0.099101144,0.1763,1.04,0.000120127,5.20E-05,4.71E-05,0.000505119,0.000218772,0.000197919,11.26100516,,,,,,,
PI_444499,,0.307470383,0.585779871,10.9,0.025532981,10.14652263,0.092374245,0.141,0.781,0.000139518,5.63E-05,5.03E-05,0.000513505,0.000207246,0.00018521,8.6203644,,,,,,,
PI_444642,,0.320646368,0.566441846,8,0.030724435,10.58133014,0.087067325,0,0.685,0.000160483,6.35E-05,5.63E-05,0.000571167,0.000225863,0.000200434,6.106231332,,,,,,,
PI_444897,,0.318654756,0.560226336,10,0.024157158,10.51560696,0.085941475,0.0028,0.667,0.000165293,6.36E-05,5.61E-05,0.000581831,0.000223828,0.000197571,6.911716778,,,,,,,
PI_444954,,0.291528283,0.54874507,9,0.028579643,9.620433329,0.089111421,0.1467,0.679,0.000143484,5.80E-05,5.18E-05,0.000494714,0.000199947,0.000178457,6.588186015,,,,,,,
PI_445067,,0.274662416,0.539384127,9.5,0.027865443,9.063859744,0.080385439,0.0778,0.677,0.000137677,5.53E-05,4.96E-05,0.000466594,0.000187381,0.000168138,3.685583375,,,,,,,
PI_445082,,0.274662416,0.534046494,9.5,0.027303587,9.063859744,0.084641541,0.0817,0.659,0.000138803,5.54E-05,4.97E-05,0.000465755,0.000185922,0.000166733,4.801429014,,,,,,,
PI_445251,,0.178412412,0.38223584,8.5,0.023979227,5.887609583,0.070526036,0.0076,0.359,0.000155874,5.71E-05,5.09E-05,0.000374355,0.000137163,0.000122317,1.415317095,,,,,,,
PI_445298,,0.247858444,0.515855663,10.8,0.024814557,8.179328637,0.072750451,0.0245,0.643,0.000137274,5.36E-05,4.82E-05,0.000444934,0.000173722,0.000156155,2.181061262,,,,,,,
PI_445355,,0.306952319,0.577571433,8.7,0.031105645,10.12942654,0.086116949,0.1455,0.752,0.0001369,5.69E-05,5.10E-05,0.000496808,0.000206564,0.000185157,5.206707006,,,,,,,
PI_467154,,0.293161507,0.530158117,9.3,0.025483506,9.674329736,0.091777158,0.0523,0.613,0.000162899,6.28E-05,5.55E-05,0.000542631,0.000209053,0.000184777,8.459667721,,,,,,,
PI_467167,,0.278117425,0.534939798,8.8,0.029184361,9.17787504,0.083285422,0.2151,0.656,0.000136881,5.62E-05,5.03E-05,0.000460075,0.000188869,0.000169017,4.148166651,,,,,,,
PI_467168,,0.283220923,0.537610804,10.2,0.024940184,9.346290464,0.090408871,0.0237,0.656,0.000154288,5.97E-05,5.31E-05,0.00052117,0.000201749,0.000179334,7.129772206,,,,,,,
PI_467171,,0.310047715,0.568405255,9.7,0.026634798,10.2315746,0.085685992,0.1562,0.713,0.000145767,5.89E-05,5.24E-05,0.000520591,0.000210449,0.000187312,5.790829341,,,,,,,
PI_467177,,0.322131996,0.598679323,11,0.025140666,10.63035587,0.097887255,0.0225,0.8,0.000149889,5.91E-05,5.26E-05,0.000563826,0.000222294,0.000197958,12.81858273,,,,,,,
PI_467216,,0.306952319,0.594142797,10.7,0.026840232,10.12942654,0.087564394,0.0679,0.813,0.00013722,5.55E-05,4.98E-05,0.000512256,0.000207083,0.000185782,6.477643942,,,,,,,
PI_467225,,0.35007043,0.673728356,12,0.026971494,11.5523242,0.091522352,0.111,1.041,0.00013331,5.55E-05,4.98E-05,0.000564322,0.000235007,0.0002108,9.436504143,,,,,,,
PI_467230,,0.283220923,0.531657012,10,0.024843609,9.346290464,0.08253163,0,0.636,0.000155519,5.99E-05,5.33E-05,0.000519511,0.000200246,0.000177998,4.560321051,,,,,,,
PI_467262,,0.279259596,0.531657012,9.9,0.025494689,9.215566677,0.080582914,0.0367,0.643,0.000149851,5.85E-05,5.21E-05,0.000500576,0.000195501,0.000174202,4.142263938,,,,,,,
PI_467280,,0.298541066,0.548164695,9.1,0.027431168,9.85185518,0.088058579,0.0188,0.663,0.000156858,6.14E-05,5.45E-05,0.000540252,0.000211428,0.000187725,6.540536871,,,,,,,
PI_471823,,0.340856434,0.617007799,10.3,0.026810812,11.24826232,0.090277306,0.0221,0.831,0.000154847,6.16E-05,5.47E-05,0.000600308,0.000238676,0.000211881,8.062434749,,,,,,,
PI_471857,,0.245924538,0.48729783,9.2,0.026236227,8.115509753,0.070855268,0.0371,0.557,0.00015168,5.86E-05,5.22E-05,0.000464413,0.000179306,0.000159836,1.802490742,,,,,,,
PI_471893,,0.282658418,0.547292977,10.1,0.026201441,9.327727804,0.083435758,0.0351,0.69,0.000147886,5.82E-05,5.19E-05,0.000508543,0.00020002,0.000178526,4.726745612,,,,,,,
PI_484975,,0.312603799,0.564471608,11.3,0.022289187,10.31592536,0.092950126,0.0304,0.694,0.000163077,6.26E-05,5.52E-05,0.000578382,0.000221876,0.0001958,9.572873834,,,,,,,
PI_485104,,0.321142341,0.625207598,10,0.030406526,10.59769725,0.091706121,0.1443,0.904,0.000130628,5.48E-05,4.93E-05,0.000513144,0.000215342,0.000193755,7.693029687,,,,,,,
PI_48533,,0.235342134,0.459736625,8.7,0.02579247,7.766290433,0.093215081,0.0071,0.49,0.000151404,5.78E-05,5.16E-05,0.000437347,0.000166959,0.000149018,6.958704935,,,,,,,
PI_48543,,0.241351837,0.460082682,8.9,0.024576499,7.964610617,0.084816245,0.0259,0.482,0.000159253,6.03E-05,5.35E-05,0.000460367,0.00017438,0.000154726,4.635946667,,,,,,,
PI_485690,,0.271163389,0.523207896,9.3,0.02710156,8.948391848,0.08177706,0.0329,0.629,0.000152752,5.94E-05,5.29E-05,0.00050216,0.000195339,0.00017406,4.002572867,,,,,,,
PI_485711,,0.227081927,0.413824502,7.3,0.025581175,7.49370359,0.082439775,0.083,0.376,0.000176415,6.58E-05,5.77E-05,0.000458703,0.000171058,0.000150059,3.480819646,,,,,,,
PI_485717,,0.301194817,0.571755414,9.8,0.027608224,9.939428949,0.089834802,0.1207,0.742,0.000140509,5.70E-05,5.09E-05,0.000504771,0.000204636,0.000182987,7.119120118,,,,,,,
PI_486516,,0.343646574,0.65212116,10.4,0.029661018,11.34033694,0.095364029,0.1457,0.965,0.000135868,5.68E-05,5.09E-05,0.000556704,0.000232808,0.000208554,9.91421761,,,,,,,
PI_487903,,0.3255721,0.60869755,10.3,0.027487908,10.74387929,0.092372085,0.0817,0.831,0.000146835,5.91E-05,5.27E-05,0.00056158,0.000226212,0.00020167,8.703126687,,,,,,,
PI_488408,,0.270575819,0.534939798,10.9,0.024253576,8.929002027,0.081865803,0.0639,0.669,0.000144648,5.67E-05,5.06E-05,0.000486181,0.000190432,0.000170117,4.344710935,,,,,,,
PI_488492,,0.293161507,0.552214515,10.3,0.025150777,9.674329736,0.082726812,0.0295,0.689,0.000155399,6.05E-05,5.37E-05,0.000539182,0.00020983,0.00018634,5.120311091,,,,,,,
PI_489682,,0.204980255,0.383897743,8,0.022364686,6.764348418,0.078813215,0.0193,0.331,0.000172745,6.28E-05,5.54E-05,0.000416679,0.000151592,0.000133592,3.126607827,,,,,,,
PI_490825,,0.27639532,0.552790639,10,0.027639532,9.121045546,0.085198985,0.0913,0.72,0.000137642,5.53E-05,4.96E-05,0.000478069,0.000192066,0.000172282,4.880122718,,,,,,,
PI_492020,,0.328492087,0.575362739,9,0.027430072,10.84023888,0.097538965,0.0771,0.702,0.000158493,6.28E-05,5.55E-05,0.00057297,0.000226914,0.000200803,11.57146606,,,,,,,
PI_498451,,0.310560615,0.601067152,9.5,0.030579635,10.24850029,0.080376034,0.0925,0.832,0.000130202,5.41E-05,4.88E-05,0.000491723,0.0002044,0.000184223,3.529078888,,,,,,,
PI_498570,,0.29532509,0.607388803,10.6,0.029439973,9.745727972,0.078360436,0.1214,0.885,0.000122232,5.12E-05,4.64E-05,0.000466479,0.000195406,0.000176919,3.189458824,,,,,,,
PI_498609,,0.32654833,0.576744164,9.9,0.025272306,10.77609489,0.084197652,0.0597,0.71,0.000157445,6.18E-05,5.48E-05,0.000570549,0.000224046,0.000198454,5.966319373,,,,,,,
PI_498684,,0.347331897,0.647958903,11.3,0.02660416,11.46195261,0.100541753,0.0027,0.94,0.000147482,5.93E-05,5.29E-05,0.000600435,0.000241503,0.000215325,13.48002637,,,,,,,
PI_498686,,0.271163389,0.553078476,9.8,0.028766846,8.948391848,0.084346597,0.14,0.73,0.000130318,5.35E-05,4.81E-05,0.000452868,0.000185797,0.000167304,4.38132791,,,,,,,
PI_498703,,0.317654268,0.602125369,9.6,0.029632406,10.48259084,0.090210719,0.1052,0.822,0.00013572,5.62E-05,5.05E-05,0.000513464,0.000212725,0.000190943,6.598421058,,,,,,,
PI_503563,,0.33042441,0.587678676,10.2,0.025221006,10.90400554,0.108598222,0.0218,0.742,0.000161305,6.30E-05,5.57E-05,0.000595617,0.000232489,0.000205576,20.27013835,,,,,,,
PI_503566,,0.352787706,0.624188514,10.7,0.025364561,11.6419943,0.107669898,0.0355,0.834,0.000153478,6.12E-05,5.43E-05,0.000601926,0.000239981,0.000212969,20.72124181,,,,,,,
PI_503720,,0.283220923,0.538202561,10,0.025498164,9.346290464,0.093373881,0.0647,0.658,0.000148698,5.83E-05,5.19E-05,0.00050284,0.00019716,0.000175666,8.009269751,,,,,,,
PI_504118,,0.260384342,0.529557372,9.8,0.027466636,8.592683299,0.082559979,0.0721,0.668,0.000136345,5.44E-05,4.89E-05,0.000453661,0.000180972,0.00016268,4.064446463,,,,,,,
PI_508270,,0.290434364,0.552790639,10.7,0.024519278,9.584334015,0.083909672,0.0239,0.696,0.000147407,5.77E-05,5.14E-05,0.000511987,0.000200253,0.000178611,5.487666555,,,,,,,
PI_515087,,0.31715284,0.572589891,9.4,0.027174154,10.46604373,0.085435706,0.123,0.714,0.000156584,6.24E-05,5.52E-05,0.000563341,0.000224628,0.000198738,5.630695495,,,,,,,
PI_516002,,0.274082347,0.539679114,10.8,0.024592293,9.044717463,0.088787447,0.0687,0.679,0.000143417,5.64E-05,5.04E-05,0.000486314,0.000191308,0.000171015,6.478284813,,,,,,,
PI_516008,,0.347331897,0.659884781,10.7,0.02921055,11.46195261,0.089431806,0.1109,0.989,0.000130858,5.51E-05,4.95E-05,0.000542559,0.000228275,0.000205354,7.221734175,,,,,,,
PI_516018,,0.321637549,0.563907418,9.3,0.026050524,10.61403912,0.092935356,0.1551,0.674,0.000156489,6.22E-05,5.50E-05,0.000554461,0.000220214,0.000195024,7.016021319,,,,,,,
PI_516025,,0.164488116,0.370823234,8.3,0.024859653,5.42810783,0.06126195,0.0075,0.347,0.000149298,5.52E-05,4.94E-05,0.000347857,0.000128583,0.000115082,0.575128659,,,,,,,
PI_516049,,0.363015555,0.654070705,11.2,0.025987067,11.9795133,0.088685237,0.0068,0.93,0.000152603,6.11E-05,5.43E-05,0.000627143,0.000251275,0.000223207,8.233178613,,,,,,,
PI_516052,,0.313620399,0.575639289,9.8,0.026736621,10.34947318,0.083002266,0.072,0.732,0.000135645,5.70E-05,5.11E-05,0.000490607,0.000206272,0.000184974,14.13234506,,,,,,,
PI_516060,,0.296937432,0.563625112,10.7,0.024924082,9.798935253,0.087557151,0.0217,0.721,0.000146124,5.75E-05,5.13E-05,0.000517477,0.000203588,0.000181757,6.891548723,,,,,,,
PI_516061,,0.267618617,0.500191534,8.8,0.026428741,8.831414375,0.089853281,0.0632,0.561,0.000153177,5.94E-05,5.29E-05,0.000481405,0.000186833,0.000166194,6.406088825,,,,,,,
PI_516074,,0.217048066,0.473045294,9.7,0.026391467,7.162586193,0.088439538,0.0139,0.555,0.000133061,5.17E-05,4.67E-05,0.000395488,0.000153733,0.000138811,4.674450545,,,,,,,
PI_540761,,0.292073706,0.569524165,10.7,0.025929949,9.638432284,0.089767013,0.0153,0.751,0.000141809,5.62E-05,5.04E-05,0.000507453,0.000201222,0.00018026,7.270104031,,,,,,,
PI_571394,,0.243975303,0.514310719,9.5,0.02845636,8.051185015,0.082463048,0.0867,0.644,0.00012858,5.17E-05,4.67E-05,0.000415509,0.000167172,0.000151048,3.485871901,,,,,,,
PI_571401,,0.243322089,0.491525385,9.7,0.025587969,8.029628926,0.065431851,0.003,0.574,0.0001438,5.56E-05,4.98E-05,0.000444103,0.000171736,0.000153897,1.203975189,,,,,,,
PI_571402,,0.223550111,0.457306894,9.3,0.025135138,7.377153663,0.069516782,0.0237,0.5,0.000152256,5.79E-05,5.16E-05,0.000437483,0.000166265,0.000148242,1.527054535,,,,,,,
PI_571423,,0.229174892,0.503047075,11.7,0.023407879,7.562771443,0.076762409,0.0145,0.631,0.000132734,5.14E-05,4.64E-05,0.000419539,0.000162472,0.000146557,3.009309087,,,,,,,
PI_571427,,0.251048516,0.54056311,11.3,0.02562076,8.284601033,0.083162113,0.0034,0.72,0.000136165,5.35E-05,4.81E-05,0.000462477,0.000181581,0.000163446,4.095488091,,,,,,,
PI_571437,,0.226379972,0.485334231,8.9,0.029095984,7.470539073,0.072687534,0.1722,0.579,0.0001285,5.19E-05,4.68E-05,0.000391855,0.000158283,0.000142861,1.587394685,,,,,,,
PI_571439,,0.284901774,0.616749799,11.6,0.028607588,9.401758551,0.089387444,0.0971,0.941,0.000116959,4.89E-05,4.44E-05,0.000453232,0.000189409,0.000172176,6.002558836,,,,,,,
PI_571447,,0.231248915,0.454514154,8.2,0.027227468,7.631214209,0.068349801,0.066,0.481,0.000155597,5.97E-05,5.31E-05,0.000444352,0.000170416,0.000151512,1.478022213,,,,,,,
PI_571465,,0.259772392,0.579497135,10.9,0.029332545,8.57248895,0.073122805,0.0603,0.844,0.000117995,4.85E-05,4.41E-05,0.00042963,0.000176554,0.000160748,2.106521993,,,,,,,
PI_571479,,0.248499734,0.524423247,10.7,0.025787244,8.20049123,0.079786066,0.0278,0.67,0.0001326,5.22E-05,4.71E-05,0.000436925,0.000171929,0.000155102,3.373513055,,,,,,,
PI_571522,,0.275818895,0.521684725,10.2,0.024104493,9.102023533,0.084463908,0.0391,0.616,0.000156172,6.00E-05,5.32E-05,0.000511907,0.000196547,0.000174425,5.174991472,,,,,,,
PI_571523,,0.280397115,0.562777342,10.4,0.027151945,9.253104782,0.088562272,0.059,0.748,0.000142098,5.67E-05,5.07E-05,0.000502463,0.000200463,0.000179391,5.939738666,,,,,,,
PI_571543,,0.374241032,0.728219933,13.7,0.025837876,12.34995405,0.089097958,0.0122,1.226,0.000129116,5.38E-05,4.85E-05,0.000590774,0.000246289,0.000221731,8.38045979,,,,,,,
PI_571550,,0.292073706,0.576191992,12.7,0.022371519,9.638432284,0.086773934,0.004,0.775,0.000142789,5.57E-05,4.98E-05,0.000516942,0.000201602,0.00018039,6.89359912,,,,,,,
PI_571573,,0.155536335,0.351884279,9,0.021816438,5.132699039,0.054559802,0.0077,0.313,0.00014746,5.36E-05,4.81E-05,0.000326026,0.000118598,0.000106316,0.370095142,,,,,,,
PI_571581,,0.278117425,0.553941089,10.8,0.025539228,9.17787504,0.078128651,0.0326,0.72,0.000139898,5.54E-05,4.97E-05,0.000486918,0.000192847,0.000172904,3.40226015,,,,,,,
PI_571582,,0.254198558,0.515547044,11,0.023758953,8.388552414,0.080787799,0.0037,0.632,0.000145574,5.61E-05,5.02E-05,0.000471554,0.000181764,0.000162617,3.73209969,,,,,,,
PI_571584,,0.276970545,0.530158117,10.6,0.02388562,9.140027971,0.088323305,0.0013,0.642,0.000149829,5.80E-05,5.17E-05,0.000499093,0.000193246,0.000172313,6.546112012,,,,,,,
PI_571629,,0.334731355,0.639304226,11.4,0.026716919,11.04613471,0.085889461,0.0144,0.931,0.000145235,5.85E-05,5.22E-05,0.000583391,0.000234989,0.000209843,6.39059439,,,,,,,
PI_571676,,0.314127466,0.584419804,10.2,0.026499249,10.36620637,0.075166452,0.0431,0.763,0.000151076,5.98E-05,5.32E-05,0.000554755,0.00021959,0.000195354,3.043840983,,,,,,,
PI_571749,,0.296937432,0.571476984,11.6,0.023667203,9.798935253,0.08681197,0.0017,0.75,0.000145406,5.70E-05,5.09E-05,0.000522108,0.000204522,0.000182702,6.830842956,,,,,,,
PI_571770,,0.252943249,0.504941797,9,0.027999839,8.347127211,0.074103342,0.0448,0.6,0.000144626,5.68E-05,5.09E-05,0.000458847,0.000180322,0.000161426,1.982421423,,,,,,,
PI_571819,,0.317654268,0.585236224,10.2,0.026233525,10.48259084,0.095444603,0.0831,0.759,0.000151977,6.06E-05,5.38E-05,0.000558841,0.000222717,0.000197804,9.791200546,,,,,,,
PI_571822,,0.247858444,0.48729783,8.7,0.027521769,8.179328637,0.071672607,0.0788,0.553,0.000144205,5.67E-05,5.07E-05,0.000441525,0.000173591,0.000155346,1.699699856,,,,,,,
PI_571853,,0.286572767,0.555662298,9,0.029898837,9.456901302,0.082047553,0.0904,0.712,0.000141002,5.70E-05,5.11E-05,0.000492285,0.000199033,0.000178317,3.781244127,,,,,,,
PI_571891,,0.226379972,0.436290399,8.8,0.023853458,7.470539073,0.072687534,0.0024,0.437,0.000159993,5.97E-05,5.30E-05,0.000438588,0.000163756,0.000145407,1.931682974,,,,,,,
PI_571913,,0.312094257,0.631287555,10.5,0.030399362,10.29911048,0.092359111,0.1083,0.946,0.000131875,5.50E-05,4.95E-05,0.000523082,0.000218211,0.000196375,7.217488563,,,,,,,
PI_571954,,0.240691502,0.495395723,10,0.025470422,7.942819576,0.078047592,0.0067,0.589,0.000143855,5.55E-05,4.98E-05,0.000447771,0.000172775,0.000154911,3.061359089,,,,,,,
PI_571975,,0.294245287,0.578672619,11.3,0.02517056,9.710094478,0.074210948,0.0586,0.78,0.000144115,5.72E-05,5.11E-05,0.000523987,0.000207829,0.000185625,2.985232015,,,,,,,
PI_571986,,0.318654756,0.598679323,9.3,0.030110168,10.51560696,0.084520857,0.1459,0.807,0.000141767,5.84E-05,5.21E-05,0.000533272,0.000219676,0.000196146,5.349498504,,,,,,,
PI_571994,,0.329942391,0.645004668,11,0.028642025,10.88809889,0.086510539,0.1275,0.965,0.000129807,5.43E-05,4.88E-05,0.000526068,0.000219871,0.000197847,6.118837536,,,,,,,
PI_572037,,0.201850602,0.437747132,9.3,0.025365218,6.661069858,0.070496854,0.0066,0.475,0.000146782,5.56E-05,4.98E-05,0.000403716,0.000152821,0.000136886,1.632269596,,,,,,,
PI_572038,,0.239365368,0.48039012,9.2,0.026198343,7.899057152,0.071819507,0.0026,0.545,0.00015087,5.77E-05,5.15E-05,0.000455383,0.000174265,0.000155571,2.062930295,,,,,,,
PI_572049,,0.219961594,0.445316808,9.8,0.02299543,7.258732592,0.072541292,0.0048,0.47,0.000150309,5.65E-05,5.04E-05,0.000420565,0.000157955,0.000141014,2.040812921,,,,,,,
PI_572073,,0.190492328,0.428561319,8.3,0.028683011,6.286246824,0.080507128,0.0074,0.462,0.000142048,5.43E-05,4.88E-05,0.000382497,0.000146121,0.000131493,2.402419499,,,,,,,
PI_572146,,0.223550111,0.461119295,9.3,0.025545074,7.377153663,0.087143898,0.0075,0.511,0.000149346,5.67E-05,5.07E-05,0.000432699,0.000164329,0.000146828,4.469049111,,,,,,,
PI_583344,,0.249139374,0.501462671,9,0.028035922,8.221599351,0.072563189,0.0452,0.594,0.000144335,5.68E-05,5.08E-05,0.000454767,0.000178825,0.000160162,1.804878182,,,,,,,
PI_583749,,0.236690811,0.437747132,8.5,0.023653685,7.81079676,0.087529877,0.0296,0.425,0.000174614,6.46E-05,5.68E-05,0.000480267,0.000177665,0.00015622,5.673326281,,,,,,,
PI_583750,,0.312094257,0.587949434,10.2,0.027044625,10.29911048,0.083944574,0.016,0.781,0.000148494,5.89E-05,5.26E-05,0.000548565,0.000217587,0.000194135,5.120755762,,,,,,,
PI_583751,,0.301722766,0.58032048,9.9,0.028141183,9.956851274,0.084622931,0.0396,0.772,0.000142676,5.74E-05,5.14E-05,0.000520235,0.000209315,0.000187362,5.098239372,,,,,,,
PI_583752,,0.283220923,0.561644992,10.4,0.026771545,9.346290464,0.081702146,0.0799,0.739,0.000142362,5.67E-05,5.07E-05,0.000502384,0.000200097,0.000179023,3.950777495,,,,,,,
PI_583917,,0.369102467,0.686134332,11.8,0.026867107,12.18038142,0.1017284,0.0367,1.051,0.000138318,5.69E-05,5.10E-05,0.000596305,0.000245499,0.000219795,15.2591422,,,,,,,
PI_583923,,0.278117425,0.536425332,9.8,0.02635795,9.17787504,0.08655275,0.1322,0.661,0.000141276,5.65E-05,5.05E-05,0.000476166,0.000190508,0.00017021,5.433629648,,,,,,,
PI_583926,,0.244626774,0.457306894,7.7,0.027620795,8.072683545,0.078429311,0.1577,0.469,0.000150852,5.90E-05,5.25E-05,0.000433451,0.000169642,0.000150742,2.867457711,,,,,,,
PI_583927,,0.249777376,0.492495821,8.5,0.028555111,8.242653417,0.077616462,0.1266,0.567,0.000149419,5.87E-05,5.23E-05,0.000462368,0.000181745,0.000161961,2.586167425,,,,,,,
PI_583928,,0.243975303,0.485662049,9.9,0.024412803,8.051185015,0.075452982,0.0321,0.553,0.000148115,5.69E-05,5.08E-05,0.000451974,0.000173552,0.000154972,2.624205219,,,,,,,
PI_583932,,0.240691502,0.474053562,8.6,0.027135123,7.942819576,0.089526728,0.1771,0.524,0.0001413,5.62E-05,5.02E-05,0.00042087,0.000167335,0.000149522,5.697217742,,,,,,,
PI_584439,,0.289885857,0.564189584,10.2,0.026892522,9.566233273,0.093725236,0.0915,0.736,0.000143864,5.76E-05,5.14E-05,0.000509986,0.000204177,0.000182341,8.781896967,,,,,,,
PI_584440,,0.327521651,0.638058261,11.9,0.026095513,10.80821447,0.093995857,0.0685,0.942,0.000135789,5.55E-05,4.98E-05,0.000544385,0.000222384,0.000199474,10.14001638,,,,,,,
PI_586765,,0.235342134,0.476063692,8,0.030090195,7.766290433,0.078929626,0.2493,0.538,0.000134829,5.49E-05,4.91E-05,0.000403301,0.00016411,0.000147012,2.678816401,,,,,,,
PI_586784,,0.30643338,0.580868728,10.3,0.026644209,10.11230154,0.082456887,0.0602,0.766,0.000147986,5.88E-05,5.24E-05,0.000540105,0.000214545,0.000191216,4.730556452,,,,,,,
PI_596543,,0.341323041,0.651144199,12.2,0.025395177,11.26366035,0.085717987,0.0599,0.966,0.000141405,5.73E-05,5.12E-05,0.000578525,0.000234534,0.00020951,6.450015242,,,,,,,
PI_608619,,0.287127603,0.549903984,10,0.026277638,9.475210906,0.09836189,0.0813,0.69,0.000145875,5.78E-05,5.16E-05,0.000504021,0.000199831,0.000178346,10.01960774,,,,,,,
PI629263_obs,,0.252943249,0.6489407,12.02194537,0.032939548,8.833333,0.071139159,0.00980392,1.122000166,9.95E-05,4.25E-05,3.93E-05,0.000405749,0.000173415,0.000160107,1.499230083,,,,,,,
PI629263_pred,,0.304075994,0.5545,8.836105312,0.028340994,9.619483,0.085797589,0.040613549,0.675467679,0.000153486,6.09E-05,5.42E-05,0.000534749,0.000212214,0.000188719,5.451658844,,,,,,,
TBL_MT,,0.359191311,0.6831611,10.50498715,0.030839618,10.14583333,0.101312757,0.264436757,1.060886593,0.00011902,5.28E-05,4.76E-05,0.000510884,0.00022652,0.00020445,11.43134386,,,,,,,
TBL_WT,,0.406364159,0.801566516,12.00572234,0.032917832,11.21666667,0.102395012,0.180231181,1.499724232,0.000111599,5.06E-05,4.60E-05,0.000562057,0.000254991,0.000231879,12.45573123,,,,,,,